ID,CODIGO,NOME,LST-4graus,V_%area-ve,V_vegeta-a,LST_Vegeta,hidro__max,geo__max,V_Area_veg,LST,Altitude
179.000000000000000,804.000000000000000,Teixeira Dias,"1012",0.571,"50","1062",0.999903023242950,0.999890983104706,4187.459,"12","1000"
228.000000000000000,1148.000000000000000,Diamante,"1012",3.656,"50","1062",0.999807000160217,3.701869964599609,67017.663,"12","1000"
212.000000000000000,926.000000000000000,Fern�o Dias,"1008",4.418,"50","1058",15.287569999694824,1.163484692573547,22313.464,"8","1000"
250.000000000000000,1173.000000000000000,Pousada Santo Ant�nio,"1008",9.065,"60","1068",1.998846173286438,1.702951312065125,35672.482,"8","1000"
224.000000000000000,1144.000000000000000,Santa Margarida,"1012",,"50","1062",24.861343383789062,0.999795019626617,,"12","1000"
119.000000000000000,737.000000000000000,Olhos d'�gua,"1508",32.626,"70","1578",1.955541372299194,3.908494234085083,1194903.072,"8","1500"
270.000000000000000,1272.000000000000000,Alta Tens�o I,"1012",,"50","1062",0.999970972537994,1.076100826263428,,"12","1000"
220.000000000000000,1140.000000000000000,Bonsucesso,"1008",32.269,"70","1078",3.998892068862915,23.734310150146484,909621.969,"8","1000"
237.000000000000000,1159.000000000000000,Santa Cec�lia,"1008",,"50","1058",4.177305221557617,1.999014139175415,,"8","1000"
476.000000000000000,1485.000000000000000,CDI Jatob�,"1012",12.194,"60","1072",0.954610109329224,2.791712045669556,106984.886,"12","1000"
376.000000000000000,1385.000000000000000,S�o Jo�o,"1508",,"50","1558",,1.998798131942749,,"8","1500"
334.000000000000000,1339.000000000000000,Leonina,"1008",2.440,"50","1058",1.866288661956787,10.382504463195801,4209.216,"8","1000"
382.000000000000000,1391.000000000000000,Vila Madre Gertrudes I,"1008",,"50","1058",0.558513343334198,,,"8","1000"
206.000000000000000,833.000000000000000,Olaria,"1008",0.056,"50","1058",6.893761634826660,3.179776668548584,353.916,"8","1000"
101.000000000000000,718.000000000000000,Mangabeiras,"1504",40.798,"70","1574",1.218596220016479,2.840201139450073,2525214.630,"4","1500"
226.000000000000000,1146.000000000000000,Jo�o Paulo II,"1012",,"50","1062",0.487172603607178,,,"12","1000"
405.000000000000000,1414.000000000000000,Vila COPASA,"1008",0.161,"50","1058",,,15.230,"8","1000"
435.000000000000000,1444.000000000000000,Vila Nova dos Milion�rios,"1512",,"50","1562",5.873742103576660,,,"12","1500"
467.000000000000000,1476.000000000000000,Vila Tirol,"1012",,"50","1062",0.999711036682129,,,"12","1000"
142.000000000000000,766.000000000000000,Santa Helena,"1012",,"50","1062",0.999947011470795,1.980557441711426,,"12","1000"
97.000000000000000,714.000000000000000,Lind�ia,"1012",,"50","1062",3.695581912994385,1.628105401992798,,"12","1000"
180.000000000000000,805.000000000000000,Tirol,"1012",2.576,"50","1062",4.756953239440918,2.735824584960938,45211.066,"12","1000"
233.000000000000000,1155.000000000000000,T�nel de Ibirit�,"1012",,"50","1062",,0.011097674258053,,"12","1000"
103.000000000000000,720.000000000000000,Maraj�,"1012",0.501,"50","1062",,3.547315597534180,1360.390,"12","1000"
13.000000000000000,618.000000000000000,Belvedere,"1508",4.824,"50","1558",0.999683022499084,1.999974012374878,140912.915,"8","1500"
490.000000000000000,1653.000000000000000,Vila Vera Cruz II,"1008",,"50","1058",,,,"8","1000"
491.000000000000000,1652.000000000000000,Vila Vera Cruz I,"1012",,"50","1062",0.674437582492828,,,"12","1000"
222.000000000000000,1142.000000000000000,Parque S�o Jos�,"1012",,"50","1062",0.999507069587708,0.999875009059906,,"12","1000"
415.000000000000000,1424.000000000000000,Vila Hava�,"1008",,"50","1058",2.316610813140869,13.292318344116209,,"8","1000"
474.000000000000000,1483.000000000000000,Acaba Mundo,"1508",4.533,"50","1558",,,1827.699,"8","1500"
320.000000000000000,1324.000000000000000,Estrela do Oriente,"1012",20.369,"60","1072",0.999875009059906,2.088691711425781,206279.305,"12","1000"
90.000000000000000,706.000000000000000,Jatob�,"1012",,"50","1062",,,,"12","1000"
66.000000000000000,677.000000000000000,Fl�vio Marques Lisboa,"1508",15.592,"60","1568",0.999551057815552,5.009921550750732,193023.310,"8","1500"
229.000000000000000,1149.000000000000000,Miramar,"1012",1.220,"50","1062",0.999903023242950,1.999606013298035,7797.009,"12","1000"
344.000000000000000,1351.000000000000000,Marieta I,"1012",,"50","1062",6.109763622283936,0.449657469987869,,"12","1000"
341.000000000000000,1348.000000000000000,Mar�ola,"1504",6.729,"60","1564",,2.998245239257812,16712.387,"4","1500"
154.000000000000000,778.000000000000000,Santo Ant�nio,"1008",0.570,"50","1058",35.092758178710938,1.982525706291199,7450.741,"8","1000"
86.000000000000000,702.000000000000000,Jardim Am�rica,"1012",1.873,"50","1062",5.144189834594728,8.851409912109380,17375.590,"12","1000"
19.000000000000000,624.000000000000000,Cabana do Pai Tom�s,"1008",,"50","1058",1.442658543586731,3.371424436569214,,"8","1000"
437.000000000000000,1446.000000000000000,Vila Nova Gameleira II,"1012",,"50","1062",,,,"12","1000"
436.000000000000000,1445.000000000000000,Vila Nova Gameleira I,"1008",0.617,"50","1058",0.999975025653839,0.678246974945068,136.535,"8","1000"
176.000000000000000,801.000000000000000,Sion,"1008",4.212,"50","1058",1.998982071876526,3.249915838241577,50415.916,"8","1000"
70.000000000000000,682.000000000000000,Gameleira,"1012",1.976,"50","1062",3.057754516601562,0.916391670703888,20103.239,"12","1000"
164.000000000000000,788.000000000000000,S�o Lucas,"1008",0.582,"50","1058",0.999774992465973,1.999629974365234,1683.644,"8","1000"
278.000000000000000,1281.000000000000000,Bar�o Homem de Melo III,"1008",,"50","1058",0.708895802497864,,,"8","1000"
471.000000000000000,1480.000000000000000,Vila Vista Alegre,"1008",,"50","1058",6.064870357513428,0.999734997749329,,"8","1000"
269.000000000000000,1271.000000000000000,Alpes,"1012",0.031,"50","1062",0.999770998954773,1.535964965820312,65.653,"12","1000"
338.000000000000000,1345.000000000000000,Vila Madre Gertrudes V,"1012",,"50","1062",16.894470214843750,,,"12","1000"
59.000000000000000,667.000000000000000,Estoril,"1008",6.717,"60","1068",0.999843001365662,2.999564886093140,114417.416,"8","1000"
300.000000000000000,1304.000000000000000,Ch�cara Leonina,"1508",6.085,"60","1568",0.991063058376312,3.979215621948242,1489.500,"8","1500"
317.000000000000000,1321.000000000000000,Esperan�a,"1008",0.145,"50","1058",0.999603033065796,2.861125469207764,119.688,"8","1000"
446.000000000000000,1455.000000000000000,Vila Piratininga,"1012",,"50","1062",,0.104825392365456,,"12","1000"
232.000000000000000,1154.000000000000000,Castanheira,"1012",,"50","1062",1.997578978538513,2.639415740966797,,"12","1000"
63.000000000000000,673.000000000000000,Vila CEMIG,"1508",4.867,"50","1558",0.999890983104706,2.540546417236328,14369.258,"8","1500"
480.000000000000000,1490.000000000000000,Bairro das Ind�strias I,"1012",7.850,"60","1072",4.906236171722412,2.772567033767700,287360.952,"12","1000"
362.000000000000000,1370.000000000000000,Pantanal,"1008",52.970,"70","1078",0.999970972537994,3.947475910186768,23783.464,"8","1000"
276.000000000000000,1279.000000000000000,Bairro das Ind�strias II,"1012",3.165,"50","1062",21.647180557250977,1.671344637870789,6197.623,"12","1000"
236.000000000000000,1158.000000000000000,Maril�ndia,"1008",,"50","1058",,0.303146600723267,,"8","1000"
221.000000000000000,1141.000000000000000,Araguaia,"1512",0.337,"50","1562",1.940601706504822,5.750936031341554,4529.956,"12","1500"
39.000000000000000,644.000000000000000,Cidade Jardim,"1008",1.815,"50","1058",33.042419433593750,0.999539077281952,9260.218,"8","1000"
438.000000000000000,1447.000000000000000,Vila Nova Gameleira III,"1008",10.185,"60","1068",,0.481105238199234,1555.273,"8","1000"
339.000000000000000,1346.000000000000000,Maravilha,"1008",,"50","1058",,0.972337007522583,,"8","1000"
146.000000000000000,770.000000000000000,Santa Maria,"1012",0.000,"50","1062",0.999315142631531,6.213969707489014,0.023,"12","1000"
189.000000000000000,814.000000000000000,Vila Oeste,"1012",,"50","1062",,0.999595046043396,,"12","1000"
113.000000000000000,731.000000000000000,Nova Gameleira,"1012",0.277,"50","1062",5.491853713989258,3.999275922775269,3240.344,"12","1000"
114.000000000000000,732.000000000000000,Nova Granada,"1008",0.049,"50","1058",6.411074638366700,0.999882996082306,303.214,"8","1000"
69.000000000000000,681.000000000000000,Funcion�rios,"1008",0.451,"50","1058",3.999084234237671,0.999675035476685,3013.255,"8","1000"
99.000000000000000,716.000000000000000,Luxemburgo,"1008",5.750,"60","1068",0.939630687236786,6.359220504760742,35707.231,"8","1000"
48.000000000000000,655.000000000000000,Cora��o de Jesus,"1008",,"50","1058",22.889429092407227,2.543019533157349,,"8","1000"
214.000000000000000,1006.000000000000000,Monte S�o Jos�,"1008",,"50","1058",,5.146053791046144,,"8","1000"
319.000000000000000,1323.000000000000000,Estrela,"1008",13.857,"60","1068",0.999814987182617,2.572746276855469,10227.764,"8","1000"
350.000000000000000,1358.000000000000000,Vila Madre Gertrudes III,"1008",25.345,"70","1078",5.854285717010498,,4453.199,"8","1000"
265.000000000000000,1258.000000000000000,Jonas Veiga,"1008",9.378,"60","1068",3.996820926666260,1.999902009963989,49139.170,"8","1000"
355.000000000000000,1363.000000000000000,Nossa Senhora de F�tima,"1504",8.024,"60","1564",0.999623060226440,3.518043279647827,49787.692,"4","1500"
366.000000000000000,1374.000000000000000,Pindura Saia,"1008",,"50","1058",,,,"8","1000"
414.000000000000000,1423.000000000000000,Vila FUMEC,"1008",,"50","1058",,,,"8","1000"
328.000000000000000,1332.000000000000000,Imba�bas,"1008",,"50","1058",,3.978967666625977,,"8","1000"
110.000000000000000,728.000000000000000,Nova Cintra,"1012",0.348,"50","1062",7.013295650482178,4.552590847015382,2525.574,"12","1000"
377.000000000000000,1670.000000000000000,S�o Jorge I,"1008",,"50","1058",0.989204108715057,1.527906060218811,,"8","1000"
100.000000000000000,717.000000000000000,Madre Gertrudes,"1012",0.942,"50","1062",10.211626052856445,0.999491035938263,5051.169,"12","1000"
192.000000000000000,817.000000000000000,Virg�nia,"1008",0.047,"50","1058",,,26.633,"8","1000"
383.000000000000000,1392.000000000000000,Sport Club,"1008",,"50","1058",0.999663054943085,,,"8","1000"
32.000000000000000,637.000000000000000,Carmo,"1008",,"50","1058",,0.999911010265350,,"8","1000"
372.000000000000000,1381.000000000000000,Santana do Cafezal,"1008",8.089,"60","1068",,0.999731004238129,14179.925,"8","1000"
354.000000000000000,1362.000000000000000,Nossa Senhora da Concei��o,"1504",,"50","1554",,0.999635040760040,,"4","1500"
72.000000000000000,686.000000000000000,Graja�,"1008",0.791,"50","1058",0.999803006649017,0.950245738029480,3367.374,"8","1000"
168.000000000000000,792.000000000000000,S�o Pedro,"1008",,"50","1058",0.880101978778839,1.882908225059509,,"8","1000"
190.000000000000000,815.000000000000000,Vila Paris,"1008",13.669,"60","1068",12.304380416870117,2.965452194213867,40864.854,"8","1000"
369.000000000000000,1378.000000000000000,Santa Isabel,"1008",,"50","1058",,,,"8","1000"
371.000000000000000,1380.000000000000000,Santa Sofia,"1008",,"50","1058",0.999962985515594,7.597500801086426,,"8","1000"
486.000000000000000,1342.000000000000000,Mala e Cuia,"1008",,"50","1058",,,,"8","1000"
314.000000000000000,1318.000000000000000,Custodinha,"1012",,"50","1062",,,,"12","1000"
234.000000000000000,1156.000000000000000,Boa Viagem,"1008",1.925,"50","1058",0.999323129653931,,4529.603,"8","1000"
197.000000000000000,822.000000000000000,Alto Barroca,"1008",,"50","1058",1.998798131942749,,,"8","1000"
326.000000000000000,1330.000000000000000,Guarat�,"1012",,"50","1062",2.932062149047852,0.999755024909973,,"12","1000"
98.000000000000000,715.000000000000000,Lourdes,"1008",0.459,"50","1058",27.853603363037109,0.999415099620819,5777.084,"8","1000"
361.000000000000000,1369.000000000000000,Oeste,"1012",0.028,"50","1062",,1.986002802848816,220.275,"12","1000"
356.000000000000000,1364.000000000000000,Nossa Senhora do Ros�rio,"1004",4.272,"50","1054",,0.999539077281952,7503.693,"4","1000"
461.000000000000000,1470.000000000000000,Vila S�o Rafael,"1008",,"50","1058",0.989045143127441,0.999539077281952,,"8","1000"
313.000000000000000,1317.000000000000000,Conjunto Taquaril,"1008",3.399,"50","1058",0.999591052532196,3.983255863189697,37259.252,"8","1000"
178.000000000000000,803.000000000000000,Taquaril,"1008",,"50","1058",0.027847431600094,9.989495277404785,,"8","1000"
335.000000000000000,1340.000000000000000,Lorena,"1008",,"50","1058",,8.246349334716800,,"8","1000"
357.000000000000000,1365.000000000000000,Conjunto Novo Dom Bosco,"1008",,"50","1058",,0.999399065971375,,"8","1000"
321.000000000000000,1325.000000000000000,Fazendinha,"1004",1.541,"50","1054",,3.713371515274048,3213.122,"4","1000"
11.000000000000000,616.000000000000000,Barroca,"1012",,"50","1062",,,,"12","1000"
91.000000000000000,707.000000000000000,Jo�o Pinheiro,"1012",,"50","1062",2.937611103057861,0.191999524831772,,"12","1000"
315.000000000000000,1319.000000000000000,Delta,"1012",,"50","1062",,,,"12","1000"
24.000000000000000,629.000000000000000,Calafate,"1012",,"50","1062",7.423164367675782,,,"12","1000"
402.000000000000000,1676.000000000000000,Vila Calafate,"1012",,"50","1062",,,,"12","1000"
9.000000000000000,612.000000000000000,Baleia,"1508",37.827,"70","1578",,1.122529268264771,1369810.743,"8","1500"
403.000000000000000,1412.000000000000000,Vila Calif�rnia,"1008",,"50","1058",0.999039232730865,3.219668865203857,,"8","1000"
482.000000000000000,1492.000000000000000,Conjunto Calif�rnia I,"1008",,"50","1058",0.019708089530468,0.452217906713486,,"8","1000"
303.000000000000000,1307.000000000000000,C�nego Pinheiro,"1008",,"50","1058",,,,"8","1000"
304.000000000000000,1308.000000000000000,C�nego Pinheiro A,"1012",,"50","1062",,,,"12","1000"
347.000000000000000,1354.000000000000000,Marmiteiros,"1012",,"50","1062",,0.316022574901581,,"12","1000"
116.000000000000000,734.000000000000000,Nova Suissa,"1012",,"50","1062",4.835581302642822,2.742277622222900,,"12","1000"
118.000000000000000,736.000000000000000,Novo S�o Lucas,"1008",0.913,"50","1058",0.999770998954773,3.059291124343872,2525.460,"8","1000"
353.000000000000000,1361.000000000000000,Nossa Senhora da Aparecida,"1008",,"50","1058",,1.416862249374390,,"8","1000"
152.000000000000000,776.000000000000000,Santo Agostinho,"1008",0.710,"50","1058",0.999711036682129,0.999467074871063,5892.866,"8","1000"
440.000000000000000,1449.000000000000000,Vila Novo S�o Lucas,"1008",0.052,"50","1058",0.999831020832062,2.098381280899048,72.676,"8","1000"
123.000000000000000,741.000000000000000,Palmeiras,"1012",2.987,"50","1062",0.016703365370631,6.815317630767822,43203.010,"12","1000"
218.000000000000000,1138.000000000000000,Bairro Novo das Ind�strias,"1012",21.044,"60","1072",3.882224798202515,1.762573361396790,158507.894,"12","1000"
6.000000000000000,607.000000000000000,Anchieta,"1008",1.089,"50","1058",0.999635040760040,0.999939024448395,7576.433,"8","1000"
619.000000000000000,1976.000000000000000,Ant�nio Ribeiro de Abreu,"808",,"50","858",1.140487194061279,2.436904907226562,,"8","800"
286.000000000000000,1289.000000000000000,Bernadete,"1008",3.429,"50","1058",2.989601373672485,23.823911666870117,2820.786,"8","1000"
277.000000000000000,1280.000000000000000,Bar�o Homem de Melo IV,"1012",,"50","1062",0.999695003032684,1.981791615486145,,"12","1000"
387.000000000000000,1396.000000000000000,Universo,"812",,"50","862",16.364070892333984,,,"12","800"
106.000000000000000,723.000000000000000,Minas Brasil,"1012",1.616,"50","1062",,1.195601224899292,5267.709,"12","1000"
75.000000000000000,689.000000000000000,Gutierrez,"1008",,"50","1058",0.999651014804840,2.571358442306519,,"8","1000"
396.000000000000000,1405.000000000000000,Vila Antena,"1508",,"50","1558",1.851670384407043,9.645638465881348,,"8","1500"
368.000000000000000,1376.000000000000000,Pirineus,"1008",8.094,"60","1068",,0.999934971332550,41708.383,"8","1000"
493.000000000000000,1658.000000000000000,Andiroba,"812",,"50","862",0.052412379533052,,,"12","800"
327.000000000000000,1331.000000000000000,Horto Florestal,"1012",28.947,"70","1082",6.422833442687988,0.999627053737640,590439.171,"12","1000"
497.000000000000000,1659.000000000000000,Boa Esperan�a,"812",,"50","862",,,,"12","800"
511.000000000000000,1671.000000000000000,S�o Jorge II,"1008",,"50","1058",0.026689508929849,1.411891579627991,,"8","1000"
512.000000000000000,1665.000000000000000,Alta Tens�o,"1012",,"50","1062",0.999807000160217,0.999623060226440,,"12","1000"
513.000000000000000,1666.000000000000000,Alto das Antenas,"1508",4.808,"50","1558",0.739478766918182,0.656873762607574,7484.486,"8","1500"
498.000000000000000,1660.000000000000000,Vila da Luz,"812",,"50","862",,0.999954998493195,,"12","800"
501.000000000000000,1662.000000000000000,Vila S�o Gabriel,"812",,"50","862",,2.450361251831055,,"12","800"
620.000000000000000,1975.000000000000000,Vila Santa M�nica,"1012",,"50","1062",0.445496857166290,0.967648983001709,,"12","1000"
502.000000000000000,1664.000000000000000,Vila Canto do Sabi�,"812",,"50","862",8.101821899414062,,,"12","800"
617.000000000000000,1972.000000000000000,Lagoa da Pampulha,"1004",10.064,"60","1064",0.999755024909973,0.984178066253662,315827.681,"4","1000"
618.000000000000000,1973.000000000000000,Marieta II,"1012",,"50","1062",,0.000016188552763,,"12","1000"
194.000000000000000,819.000000000000000,Vista Alegre,"1012",,"50","1062",9.900154113769531,0.999375104904175,,"12","1000"
235.000000000000000,1157.000000000000000,Itaipu,"1012",,"50","1062",,0.999886989593506,,"12","1000"
621.000000000000000,1974.000000000000000,Ventosa,"1008",0.404,"50","1058",1.993001103401184,6.526956558227540,886.642,"8","1000"
264.000000000000000,1257.000000000000000,Corumbiara,"1008",2.606,"50","1058",0.999595046043396,1.663887262344360,1416.380,"8","1000"
510.000000000000000,1668.000000000000000,Ambrosina,"1008",,"50","1058",2.272983074188232,,,"8","1000"
459.000000000000000,1468.000000000000000,Vila S�o Paulo,"1012",0.017,"50","1062",,,12.368,"12","1000"
395.000000000000000,1404.000000000000000,Vila Jardim Alvorada,"1008",,"50","1058",1.690876960754395,20.738071441650391,,"8","1000"
636.000000000000000,2026.000000000000000,Vila Viveiro,"1012",,"50","1062",0.999770998954773,,,"12","1000"
637.000000000000000,2027.000000000000000,Vila Alto dos Pinheiros,"1012",,"50","1062",,,,"12","1000"
343.000000000000000,1350.000000000000000,Mariano de Abreu,"1008",,"50","1058",0.999551057815552,3.735125303268433,,"8","1000"
337.000000000000000,1343.000000000000000,Manac�s,"1008",3.452,"50","1058",1.999917984008789,1.783136367797852,25255.785,"8","1000"
397.000000000000000,1406.000000000000000,Vila Antena Montanh�s,"1008",,"50","1058",5.808503150939942,20.505676269531246,,"8","1000"
167.000000000000000,791.000000000000000,S�o Paulo,"812",2.083,"50","862",18.889648437500000,1.999549984931946,10354.870,"12","800"
120.000000000000000,738.000000000000000,Ouro Preto,"1008",1.613,"50","1058",3.283811807632446,9.343825340270996,38231.068,"8","1000"
450.000000000000000,1459.000000000000000,Vila Real II,"1008",,"50","1058",0.995623826980591,0.385479748249054,,"8","1000"
499.000000000000000,1661.000000000000000,Vila Ouro Minas,"808",2.492,"50","858",17.111616134643555,1.525255322456360,911.357,"8","800"
330.000000000000000,1334.000000000000000,Jardim do Vale,"1508",,"50","1558",,,,"8","1500"
291.000000000000000,1294.000000000000000,Vila Dias,"1008",,"50","1058",,2.219268083572388,,"8","1000"
12.000000000000000,617.000000000000000,Barro Preto,"1008",0.109,"50","1058",9.550061225891113,,1269.262,"8","1000"
26.000000000000000,631.000000000000000,Camargos,"1008",1.568,"50","1058",1.406929731369019,13.632722854614258,29045.193,"8","1000"
50.000000000000000,657.000000000000000,Cruzeiro,"1008",0.476,"50","1058",0.999818980693817,,2525.475,"8","1000"
246.000000000000000,1168.000000000000000,Pilar,"1508",5.420,"60","1568",8.703616142272949,1.892164111137390,59112.247,"8","1500"
230.000000000000000,1150.000000000000000,Brasil Industrial,"1512",,"50","1562",0.999651014804840,0.015656890347600,,"12","1500"
30.000000000000000,635.000000000000000,Cardoso,"1012",0.676,"50","1062",,0.999886989593506,6387.223,"12","1000"
231.000000000000000,1153.000000000000000,Vila Pinho,"1012",,"50","1062",0.999803006649017,3.863590955734253,,"12","1000"
484.000000000000000,1494.000000000000000,Serra do Curral,"1508",36.608,"70","1578",8.355290412902832,2.346528053283691,6361268.063,"8","1500"
165.000000000000000,789.000000000000000,S�o Marcos,"1012",0.152,"50","1062",0.999886989593506,3.300565481185913,886.953,"12","1000"
388.000000000000000,1397.000000000000000,Urca,"1008",,"50","1058",21.962001800537109,0.999647021293640,,"8","1000"
53.000000000000000,660.000000000000000,Dom Joaquim,"1012",1.123,"50","1062",18.029024124145508,0.537243843078613,5050.921,"12","1000"
408.000000000000000,1417.000000000000000,Vila da Paz,"1008",,"50","1058",,0.085368856787682,,"8","1000"
410.000000000000000,1419.000000000000000,Vila de S�,"1012",,"50","1062",,1.297260403633118,,"12","1000"
199.000000000000000,824.000000000000000,Nova Cachoeirinha,"1008",0.306,"50","1058",1.999118089675903,9.670127868652344,1683.678,"8","1000"
424.000000000000000,1433.000000000000000,Vila Maloca,"1012",,"50","1062",,,,"12","1000"
456.000000000000000,1465.000000000000000,Vila S�o Francisco,"1008",,"50","1058",,,,"8","1000"
40.000000000000000,645.000000000000000,Cidade Nova,"1008",0.365,"50","1058",0.999675035476685,0.884667217731476,3332.164,"8","1000"
329.000000000000000,1333.000000000000000,Itatiaia,"1008",0.561,"50","1058",12.702626228332520,2.731532573699951,1082.382,"8","1000"
284.000000000000000,1287.000000000000000,Bela Vit�ria,"808",,"50","858",1.656416535377502,,,"8","800"
289.000000000000000,1292.000000000000000,Boa Uni�o II,"812",,"50","862",5.171928882598878,,,"12","800"
133.000000000000000,754.000000000000000,Primeiro de Maio,"812",,"50","862",114.081245422363281,0.999207139015198,,"12","800"
428.000000000000000,1437.000000000000000,Vila Minasl�ndia,"1008",,"50","1058",2.998533248901367,1.999534010887146,,"8","1000"
96.000000000000000,713.000000000000000,Liberdade,"1008",0.006,"50","1058",,0.999890983104706,28.054,"8","1000"
62.000000000000000,671.000000000000000,Eymard,"812",15.260,"60","872",4.610092163085938,9.392077445983887,90648.697,"12","800"
477.000000000000000,1486.000000000000000,Vila S�o Dimas,"812",,"50","862",,0.107020251452923,,"12","800"
449.000000000000000,1458.000000000000000,Vila Real I,"1012",,"50","1062",,,,"12","1000"
351.000000000000000,1359.000000000000000,Morro dos Macacos,"1012",,"50","1062",,0.999875009059906,,"12","1000"
15.000000000000000,620.000000000000000,Boa Vista,"1012",0.131,"50","1062",0.999947011470795,2.762249231338501,1634.980,"12","1000"
20.000000000000000,625.000000000000000,Cachoeirinha,"1012",0.524,"50","1062",0.999407112598419,6.261808872222900,6816.682,"12","1000"
64.000000000000000,674.000000000000000,Sumar�,"1012",4.357,"50","1062",,0.991226315498352,6734.751,"12","1000"
358.000000000000000,1366.000000000000000,Novo Ouro Preto,"1008",,"50","1058",3.710055828094482,9.830657958984377,,"8","1000"
135.000000000000000,758.000000000000000,Renascen�a,"1012",,"50","1062",0.999743044376373,0.999934971332550,,"12","1000"
431.000000000000000,1440.000000000000000,Vila Nova Cachoeirinha I,"1008",,"50","1058",,10.539641380310059,,"8","1000"
464.000000000000000,1473.000000000000000,Vila Sumar�,"1008",,"50","1058",,1.334516525268555,,"8","1000"
420.000000000000000,1429.000000000000000,Vila Ipiranga,"1008",,"50","1058",,,,"8","1000"
44.000000000000000,650.000000000000000,Conjunto Celso Machado,"1012",,"50","1062",0.856897354125977,0.840701043605804,,"12","1000"
266.000000000000000,1261.000000000000000,Indai�,"1008",3.341,"50","1058",,0.003701931564137,14543.248,"8","1000"
158.000000000000000,782.000000000000000,S�o Francisco,"1012",2.292,"50","1062",1.999869942665100,2.999876976013184,32761.390,"12","1000"
122.000000000000000,740.000000000000000,Palmares,"1008",1.087,"50","1058",1.096386075019836,0.992847859859467,7576.465,"8","1000"
470.000000000000000,1479.000000000000000,S�o Sebasti�o,"1012",,"50","1062",0.007092587184161,,,"12","1000"
453.000000000000000,1462.000000000000000,Vila Santa Rosa,"1008",,"50","1058",0.999455094337463,0.999926984310150,,"8","1000"
183.000000000000000,808.000000000000000,Uni�o,"1008",2.456,"50","1058",3.999307870864868,5.960196971893312,37845.935,"8","1000"
364.000000000000000,1372.000000000000000,Penha,"1008",,"50","1058",0.999975025653839,2.004735231399536,,"8","1000"
419.000000000000000,1428.000000000000000,Vila Inestan,"1012",,"50","1062",0.018313532695174,,,"12","1000"
173.000000000000000,798.000000000000000,Serrano,"1012",1.012,"50","1062",11.137998580932617,0.999954998493195,10944.244,"12","1000"
638.000000000000000,2028.000000000000000,Vila S�o Tom�z,"812",0.282,"50","862",1.999950051307678,0.999958992004395,601.314,"12","800"
184.000000000000000,809.000000000000000,Universit�rio,"1012",0.045,"50","1062",1.998534321784973,1.452017545700073,224.558,"12","1000"
454.000000000000000,1463.000000000000000,Vila Santo Ant�nio,"812",,"50","862",,0.002761660143733,,"12","800"
442.000000000000000,1451.000000000000000,Vila Paquet�,"1008",,"50","1058",,0.210111767053604,,"8","1000"
466.000000000000000,1475.000000000000000,Vila Suzana II,"812",,"50","862",0.002595851663500,0.678428173065186,,"12","800"
163.000000000000000,787.000000000000000,Jardim S�o Jos�,"1012",0.851,"50","1062",0.030925860628486,2.476312875747681,6734.861,"12","1000"
127.000000000000000,746.000000000000000,Pedreira Prado Lopes,"1008",,"50","1058",0.672894537448883,3.253008604049683,,"8","1000"
323.000000000000000,1327.000000000000000,Grota,"1008",,"50","1058",,0.793000042438507,,"8","1000"
58.000000000000000,666.000000000000000,Esplanada,"1008",,"50","1058",0.999850988388062,1.387760877609253,,"8","1000"
88.000000000000000,704.000000000000000,Jardim Montanh�s,"1012",,"50","1062",0.999635040760040,3.740803241729736,,"12","1000"
78.000000000000000,692.000000000000000,Horto,"1012",0.877,"50","1062",6.581892013549806,0.999359130859375,3367.286,"12","1000"
17.000000000000000,622.000000000000000,Bonfim,"1012",,"50","1062",0.989801108837128,2.047508001327515,,"12","1000"
306.000000000000000,1310.000000000000000,Conjunto Jardim Filad�lfia,"1012",,"50","1062",,1.741409063339233,,"12","1000"
31.000000000000000,636.000000000000000,Carlos Prates,"1012",1.594,"50","1062",2.798164606094360,14.549730300903320,28195.033,"12","1000"
25.000000000000000,630.000000000000000,Calif�rnia,"1012",5.134,"60","1072",1.998078465461731,5.638528823852540,175271.585,"12","1000"
429.000000000000000,1438.000000000000000,Vila Nossa Senhora do Ros�rio,"1008",,"50","1058",0.999435067176819,2.574776887893677,,"8","1000"
331.000000000000000,1336.000000000000000,Jo�o Alfredo,"1012",,"50","1062",,,,"12","1000"
147.000000000000000,771.000000000000000,Maria Goretti,"812",,"50","862",28.685453414916992,8.452301025390630,,"12","800"
149.000000000000000,773.000000000000000,Santa Rosa,"1012",,"50","1062",1.967911720275879,0.999915003776550,,"12","1000"
34.000000000000000,639.000000000000000,Castelo,"1008",12.093,"60","1068",3.057072639465332,1.998646259307861,291297.235,"8","1000"
143.000000000000000,767.000000000000000,Santa In�s,"1008",3.102,"50","1058",0.999846994876862,5.197307586669922,35024.352,"8","1000"
82.000000000000000,698.000000000000000,Ipiranga,"1012",,"50","1062",13.987977027893066,,,"12","1000"
71.000000000000000,684.000000000000000,Gl�ria,"1012",0.763,"50","1062",2.999313116073608,1.999557971954346,12628.020,"12","1000"
249.000000000000000,1172.000000000000000,Jardim Alvorada,"1008",,"50","1058",5.830051898956300,23.341436386108398,,"8","1000"
117.000000000000000,735.000000000000000,Nova Vista,"1008",,"50","1058",3.820582389831543,0.999551057815552,,"8","1000"
2.000000000000000,602.000000000000000,Al�pio de Melo,"1012",0.428,"50","1062",0.999803006649017,0.999778985977173,5051.164,"12","1000"
112.000000000000000,730.000000000000000,Nova Floresta,"1008",4.137,"50","1058",,0.999515056610107,17678.420,"8","1000"
3.000000000000000,603.000000000000000,Alto Cai�aras,"1008",1.186,"50","1058",0.999915003776550,2.999025106430054,12627.743,"8","1000"
7.000000000000000,608.000000000000000,Aparecida,"1012",0.276,"50","1062",0.999770998954773,1.999390006065369,2525.513,"12","1000"
121.000000000000000,739.000000000000000,Padre Eust�quio,"1012",,"50","1062",8.151267051696777,8.114740371704102,,"12","1000"
196.000000000000000,821.000000000000000,Aparecida S�tima Se��o,"1008",,"50","1058",3.905748367309570,3.906413078308105,,"8","1000"
171.000000000000000,796.000000000000000,Saudade,"1012",,"50","1062",2.176469087600708,1.067649602890015,,"12","1000"
406.000000000000000,1415.000000000000000,Vila Coqueiral,"1008",,"50","1058",,14.130215644836426,,"8","1000"
487.000000000000000,1651.000000000000000,Bel�m,"1012",,"50","1062",0.783578157424927,,,"12","1000"
216.000000000000000,1065.000000000000000,Jardim Guanabara,"812",,"50","862",0.995655715465546,0.999990999698639,,"12","800"
52.000000000000000,659.000000000000000,Dom Cabral,"1012",1.156,"50","1062",,0.654276311397552,6216.064,"12","1000"
49.000000000000000,656.000000000000000,Cora��o Eucar�stico,"1012",8.214,"60","1072",2.685331106185913,0.999915003776550,85329.760,"12","1000"
448.000000000000000,1457.000000000000000,Vila PUC,"1012",,"50","1062",,,,"12","1000"
478.000000000000000,1487.000000000000000,Cidade Jardim Taquaril,"1508",24.841,"60","1568",,1.549333333969116,517430.408,"8","1500"
469.000000000000000,1478.000000000000000,Vila Uni�o,"1008",,"50","1058",,,,"8","1000"
43.000000000000000,649.000000000000000,Conjunto Calif�rnia II,"1008",1.232,"50","1058",0.919983088970184,6.062350273132324,1340.903,"8","1000"
443.000000000000000,1452.000000000000000,Vila Para�so,"1008",,"50","1058",1.895130991935730,2.450774192810059,,"8","1000"
141.000000000000000,765.000000000000000,Santa Efig�nia,"1008",2.356,"50","1058",0.999215126037598,3.826408624649048,50593.996,"8","1000"
42.000000000000000,647.000000000000000,Conc�rdia,"1012",,"50","1062",1.999486088752747,5.655007362365724,,"12","1000"
411.000000000000000,1420.000000000000000,Vila do Pombal,"1012",,"50","1062",,0.953020155429840,,"12","1000"
458.000000000000000,1467.000000000000000,Vila S�o Geraldo,"1012",,"50","1062",,,,"12","1000"
47.000000000000000,654.000000000000000,Coqueiros,"1012",0.746,"50","1062",1.992841958999634,0.999734997749329,5051.224,"12","1000"
8.000000000000000,609.000000000000000,Gra�a,"1008",,"50","1058",0.002438184339553,1.769811987876892,,"8","1000"
422.000000000000000,1431.000000000000000,Vila Jardim Montanh�s,"1008",,"50","1058",5.975899696350098,22.474695205688477,,"8","1000"
295.000000000000000,1298.000000000000000,Canad�,"1012",,"50","1062",,0.271997183561325,,"12","1000"
157.000000000000000,781.000000000000000,S�o Crist�v�o,"1012",,"50","1062",0.924315929412842,0.752454757690430,,"12","1000"
33.000000000000000,638.000000000000000,Casa Branca,"1008",2.729,"50","1058",0.042049396783113,2.932885646820068,18236.572,"8","1000"
384.000000000000000,1393.000000000000000,Vila Tiradentes,"1012",,"50","1062",0.366552054882050,1.122007131576538,,"12","1000"
475.000000000000000,1484.000000000000000,Novo Gl�ria,"1012",,"50","1062",,4.793994903564454,,"12","1000"
21.000000000000000,626.000000000000000,Caetano Furquim,"1008",,"50","1058",,2.745367288589478,,"8","1000"
128.000000000000000,748.000000000000000,Pindorama,"1012",0.105,"50","1062",1.040566682815552,14.952190399169922,1683.744,"12","1000"
94.000000000000000,710.000000000000000,Lagoinha,"1012",,"50","1062",0.999818980693817,6.857622146606446,,"12","1000"
22.000000000000000,627.000000000000000,Cai�ara-Adelaide,"1008",,"50","1058",0.999507069587708,3.927414894104004,,"8","1000"
381.000000000000000,1390.000000000000000,Senhor dos Passos,"1012",,"50","1062",0.858175277709961,3.710602521896362,,"12","1000"
41.000000000000000,646.000000000000000,Col�gio Batista,"1008",,"50","1058",,1.720428228378296,,"8","1000"
217.000000000000000,1133.000000000000000,Savassi,"1008",0.478,"50","1058",,,5670.678,"8","1000"
172.000000000000000,797.000000000000000,Serra,"1008",0.179,"50","1058",0.111963517963886,1.999446034431458,2743.843,"8","1000"
279.000000000000000,1282.000000000000000,Bar�o Homem de Melo I,"1012",,"50","1062",6.460371017456056,,,"12","1000"
4.000000000000000,604.000000000000000,Alto dos Pinheiros,"1012",,"50","1062",,0.608611404895782,,"12","1000"
468.000000000000000,1477.000000000000000,Vila Trinta e Um de Mar�o,"1012",,"50","1062",,,,"12","1000"
643.000000000000000,2033.000000000000000,Novo Lajedo,"812",0.336,"50","862",1.998718261718750,1.991498231887817,1335.189,"12","800"
401.000000000000000,1410.000000000000000,Vila Boa Vista,"1008",,"50","1058",,3.550849676132202,,"8","1000"
413.000000000000000,1422.000000000000000,Vila Engenho Nogueira,"1008",,"50","1058",,1.906209588050842,,"8","1000"
252.000000000000000,1202.000000000000000,Vista do Sol,"1008",,"50","1058",,6.875004291534424,,"8","1000"
375.000000000000000,1384.000000000000000,S�o Gon�alo,"1012",2.112,"50","1062",,1.936423420906067,5138.134,"12","1000"
134.000000000000000,756.000000000000000,Provid�ncia,"812",0.388,"50","862",43.867404937744141,1.998958110809326,2762.287,"12","800"
324.000000000000000,1328.000000000000000,Grotinha,"808",,"50","858",,1.629621624946594,,"8","800"
36.000000000000000,641.000000000000000,S�o Lu�z,"1008",2.055,"50","1058",0.999778985977173,,56854.834,"8","1000"
51.000000000000000,658.000000000000000,Dom Bosco,"1012",,"50","1062",1.843650579452515,3.912206172943115,,"12","1000"
150.000000000000000,774.000000000000000,Santa Tereza,"1008",,"50","1058",0.999603033065796,2.656489610671997,,"8","1000"
37.000000000000000,642.000000000000000,Centro,"1008",9.268,"60","1068",22.862346649169918,0.999803006649017,187173.163,"8","1000"
644.000000000000000,2034.000000000000000,Tiradentes,"808",13.635,"60","868",0.952457904815674,,92308.684,"8","800"
645.000000000000000,2035.000000000000000,Montes Claros,"808",,"50","858",,1.999557971954346,,"8","800"
646.000000000000000,2036.000000000000000,Jardim Liberdade,"1508",7.632,"60","1568",0.250701993703842,3.659388780593872,40684.534,"8","1500"
258.000000000000000,1246.000000000000000,Alto Vera Cruz,"1008",,"50","1058",15.096503257751465,4.371150970458986,,"8","1000"
257.000000000000000,1245.000000000000000,Granja de Freitas,"1008",10.541,"60","1068",0.999843001365662,2.828120708465576,90862.319,"8","1000"
186.000000000000000,811.000000000000000,Vera Cruz,"1012",,"50","1062",0.999575018882751,1.999614000320435,,"12","1000"
647.000000000000000,2037.000000000000000,Vila Horto Florestal,"1008",34.049,"70","1078",,,1651.390,"8","1000"
648.000000000000000,2038.000000000000000,Vila Trevo,"1008",,"50","1058",,,,"8","1000"
379.000000000000000,1388.000000000000000,S�o Vicente,"1008",,"50","1058",,0.999983012676239,,"8","1000"
126.000000000000000,744.000000000000000,Para�so,"1008",0.251,"50","1058",1.997345566749573,3.814082384109497,3368.332,"8","1000"
56.000000000000000,664.000000000000000,Engenho Nogueira,"1008",31.512,"70","1078",3.279895544052124,23.394708633422852,627477.689,"8","1000"
455.000000000000000,1464.000000000000000,Vila Santo Ant�nio Barroquinha,"1012",,"50","1062",,,,"12","1000"
169.000000000000000,793.000000000000000,S�o Salvador,"1012",,"50","1062",2.665470123291016,7.497548580169678,,"12","1000"
432.000000000000000,1441.000000000000000,Vila Nova Cachoeirinha II,"1012",,"50","1062",,0.013002877123654,,"12","1000"
393.000000000000000,1402.000000000000000,Vila Aeroporto Jaragu�,"812",,"50","862",,,,"12","800"
187.000000000000000,812.000000000000000,Goi�nia,"812",1.466,"50","862",7.017856121063232,0.999795019626617,28621.535,"12","800"
318.000000000000000,1322.000000000000000,Vila Esplanada,"812",,"50","862",0.019170479848981,,,"12","800"
287.000000000000000,1290.000000000000000,Biquinhas,"812",,"50","862",22.142721176147461,6.407395362854004,,"12","800"
254.000000000000000,1239.000000000000000,Belmonte,"808",20.615,"60","868",6.471124172210694,1.904764890670776,99473.843,"8","800"
349.000000000000000,1357.000000000000000,Mirtes,"812",,"50","862",,,,"12","800"
398.000000000000000,1407.000000000000000,Vila �tila de Paiva,"1012",,"50","1062",4.273082256317139,,,"12","1000"
28.000000000000000,633.000000000000000,Campus UFMG,"1008",45.523,"70","1078",,0.903985440731049,1752532.431,"8","1000"
35.000000000000000,640.000000000000000,S�o Jos�,"1012",0.343,"50","1062",0.978689730167389,,1056.931,"12","1000"
472.000000000000000,1481.000000000000000,Vit�ria,"1008",,"50","1058",,0.999315142631531,,"8","1000"
325.000000000000000,1329.000000000000000,Guanabara,"812",,"50","862",,,,"12","800"
208.000000000000000,835.000000000000000,Confisco,"1008",0.353,"50","1058",,,972.875,"8","1000"
290.000000000000000,1293.000000000000000,Boa Uni�o I,"812",,"50","862",50.017513275146491,,,"12","800"
211.000000000000000,907.000000000000000,Suzana,"812",,"50","862",121.551498413085938,0.999371111392975,,"12","800"
160.000000000000000,784.000000000000000,S�o Geraldo,"1008",0.254,"50","1058",13.074982643127441,1.566517472267151,3367.251,"8","1000"
111.000000000000000,729.000000000000000,Nova Esperan�a,"1012",,"50","1062",1.642861366271973,4.688292503356934,,"12","1000"
346.000000000000000,1353.000000000000000,Mariquinhas,"808",0.785,"50","858",0.996577918529510,0.999267160892487,1149.682,"8","800"
156.000000000000000,780.000000000000000,S�o Bernardo,"1012",5.695,"60","1072",17.862352371215820,1.998846173286438,53768.224,"12","1000"
203.000000000000000,830.000000000000000,Aeroporto,"812",10.162,"60","872",1.958884000778198,1.398445844650269,236796.784,"12","800"
253.000000000000000,1238.000000000000000,Ouro Minas,"808",2.589,"50","858",25.157142639160156,1.145016908645630,13591.443,"8","800"
365.000000000000000,1373.000000000000000,S�o Francisco das Chagas,"1008",,"50","1058",2.962427616119385,14.508191108703613,,"8","1000"
392.000000000000000,1401.000000000000000,Vila Aeroporto,"812",1.279,"50","862",13.904735565185547,,967.669,"12","800"
159.000000000000000,783.000000000000000,S�o Gabriel,"812",1.825,"50","862",25.446203231811523,2.412808179855347,36439.705,"12","800"
108.000000000000000,725.000000000000000,Minasl�ndia,"1012",2.019,"50","1062",7.058451175689698,0.999886989593506,15994.717,"12","1000"
427.000000000000000,1436.000000000000000,Vila Maria,"1008",,"50","1058",,0.999647021293640,,"8","1000"
85.000000000000000,701.000000000000000,Jaragu�,"1012",0.167,"50","1062",1.732350945472717,0.999515056610107,841.837,"12","1000"
54.000000000000000,661.000000000000000,Dom Silv�rio,"812",2.177,"50","862",0.039804041385651,0.999423086643219,10943.608,"12","800"
310.000000000000000,1314.000000000000000,Conjunto Provid�ncia,"1012",,"50","1062",,0.999915003776550,,"12","1000"
385.000000000000000,1394.000000000000000,Tr�s Marias,"812",,"50","862",3.233427047729492,,,"12","800"
451.000000000000000,1460.000000000000000,Vila Rica,"1012",,"50","1062",0.990633010864258,,,"12","1000"
305.000000000000000,1309.000000000000000,Conjunto Floramar,"812",,"50","862",,,,"12","800"
360.000000000000000,1368.000000000000000,Novo Tupi,"812",0.269,"50","862",3.161790370941162,1.637981772422791,841.817,"12","800"
215.000000000000000,1043.000000000000000,Ip�,"1012",,"50","1062",0.999778985977173,9.244344711303709,,"12","1000"
129.000000000000000,749.000000000000000,Piraj�,"1012",0.792,"50","1062",2.979832410812378,5.278315544128418,1992.964,"12","1000"
125.000000000000000,743.000000000000000,Paquet�,"1008",7.095,"60","1068",1.931207895278931,6.294075012207032,103298.629,"8","1000"
307.000000000000000,1311.000000000000000,Conjunto Lagoa,"1012",,"50","1062",2.758203029632568,,,"12","1000"
73.000000000000000,687.000000000000000,Guarani,"1012",,"50","1062",1.999781966209412,0.999631047248840,,"12","1000"
404.000000000000000,1413.000000000000000,Vila Copacabana,"1012",,"50","1062",2.233926773071289,1.802776217460632,,"12","1000"
256.000000000000000,1241.000000000000000,Beija Flor,"808",10.588,"60","868",38.876281738281250,2.103301048278809,98161.828,"8","800"
204.000000000000000,831.000000000000000,Jardim Vit�ria,"808",14.536,"60","868",3.997964143753052,1.921346426010132,787628.028,"8","800"
77.000000000000000,691.000000000000000,Heli�polis,"1012",,"50","1062",22.754657745361328,0.999778985977173,,"12","1000"
247.000000000000000,1170.000000000000000,Novo Aar�o Reis,"812",1.465,"50","862",11.900507926940918,3.146067619323730,8086.470,"12","800"
131.000000000000000,751.000000000000000,Pomp�ia,"1012",,"50","1062",1.998934149742126,2.978817701339722,,"12","1000"
5.000000000000000,605.000000000000000,�lvaro Camargos,"1012",0.902,"50","1062",,4.505223751068116,1859.849,"12","1000"
267.000000000000000,1267.000000000000000,Acaiaca,"808",,"50","858",,1.549326181411743,,"8","800"
83.000000000000000,699.000000000000000,Itapo�,"1012",17.037,"60","1072",0.999555051326752,1.864123702049255,277540.865,"12","1000"
115.000000000000000,733.000000000000000,Nova Pampulha,"1012",,"50","1062",,,,"12","1000"
162.000000000000000,786.000000000000000,Vila S�o Jo�o Batista,"812",,"50","862",,2.016094446182251,,"12","800"
389.000000000000000,1398.000000000000000,V�rzea da Palma,"812",,"50","862",4.455749511718750,,,"12","800"
421.000000000000000,1430.000000000000000,Vila Jardim Leblon,"1012",,"50","1062",,,,"12","1000"
207.000000000000000,834.000000000000000,Jardim Felicidade,"812",0.136,"50","862",1.999629974365234,1.570055842399597,1098.241,"12","800"
177.000000000000000,802.000000000000000,Solim�es,"808",23.933,"60","868",,1.998910188674927,68795.537,"8","800"
130.000000000000000,750.000000000000000,Planalto,"812",8.213,"60","872",23.269367218017582,6.758649349212646,206568.758,"12","800"
447.000000000000000,1456.000000000000000,Vila Primeiro de Maio,"812",,"50","862",129.879486083984375,0.999627053737640,,"12","800"
200.000000000000000,827.000000000000000,Trevo,"1008",7.699,"60","1068",2.302044153213501,1.983010292053223,126576.514,"8","1000"
352.000000000000000,1360.000000000000000,Vila Nossa Senhora Aparecida,"812",1.325,"50","862",0.294446349143982,1.658196449279785,917.568,"12","800"
275.000000000000000,1278.000000000000000,Bacurau,"812",6.138,"60","872",,0.058092325925827,253.518,"12","800"
288.000000000000000,1291.000000000000000,Bispo de Maura,"1012",,"50","1062",,,,"12","1000"
639.000000000000000,2029.000000000000000,Vila Nova Cintra,"1012",,"50","1062",1.258473157882690,1.998841285705566,,"12","1000"
640.000000000000000,2030.000000000000000,Jardim Getsemani,"808",1.082,"50","858",0.999778985977173,1.789147734642029,3889.388,"8","800"
1.000000000000000,600.000000000000000,Aar�o Reis,"812",0.812,"50","862",2.999300956726074,1.999894022941589,2866.020,"12","800"
348.000000000000000,1356.000000000000000,Mirante,"1008",,"50","1058",,2.983052968978882,,"8","1000"
139.000000000000000,762.000000000000000,Santa Am�lia,"1012",0.836,"50","1062",1.069018840789795,0.999962985515594,18520.677,"12","1000"
201.000000000000000,828.000000000000000,Copacabana,"1012",0.058,"50","1062",11.008583068847656,3.998508214950562,841.854,"12","1000"
27.000000000000000,632.000000000000000,Campo Alegre,"812",0.629,"50","862",,,1365.049,"12","800"
311.000000000000000,1315.000000000000000,Conjunto S�o Francisco de Assis,"1012",,"50","1062",,,,"12","1000"
170.000000000000000,794.000000000000000,S�o Tom�z,"1012",,"50","1062",0.999755024909973,0.980768382549286,,"12","1000"
255.000000000000000,1240.000000000000000,Nazar�,"812",,"50","862",3.402334690093994,7.646837711334230,,"12","800"
55.000000000000000,662.000000000000000,Dona Clara,"812",1.376,"50","862",66.338516235351562,0.999667048454285,10884.217,"12","800"
641.000000000000000,2031.000000000000000,Vila Verde,"1008",8.761,"60","1068",,,673.742,"8","1000"
642.000000000000000,2032.000000000000000,Cristo Rei,"1008",,"50","1058",,0.268092840909958,,"8","1000"
485.000000000000000,1495.000000000000000,Conjunto Capit�o Eduardo,"812",0.380,"50","862",,0.999854981899261,643.978,"12","800"
202.000000000000000,829.000000000000000,Santa Branca,"1012",0.190,"50","1062",6.286367416381836,1.611613869667053,1646.882,"12","1000"
104.000000000000000,721.000000000000000,Maria Helena,"812",6.534,"60","872",0.999651014804840,1.961718916893005,47985.852,"12","800"
473.000000000000000,1482.000000000000000,Zilah Sp�sito,"808",,"50","858",2.990732669830322,1.994826078414917,,"8","800"
84.000000000000000,700.000000000000000,Jaqueline,"808",18.869,"60","868",2.737834215164185,12.829794883728027,557381.186,"8","800"
308.000000000000000,1312.000000000000000,Conjunto Minascaixa,"812",,"50","862",,1.356145977973938,,"12","800"
462.000000000000000,1471.000000000000000,Vila Sat�lite,"812",,"50","862",,0.999315142631531,,"12","800"
342.000000000000000,1349.000000000000000,Maria Teresa,"808",14.863,"60","868",21.827096939086918,1.999302029609680,132779.313,"8","800"
210.000000000000000,906.000000000000000,Capit�o Eduardo,"812",9.096,"60","872",,0.981818377971649,310380.374,"12","800"
188.000000000000000,813.000000000000000,Vila Cl�ris,"812",0.837,"50","862",8.439942359924316,0.999435067176819,7323.005,"12","800"
483.000000000000000,1493.000000000000000,Jardim Leblon,"1012",,"50","1062",14.271854400634766,2.238259553909302,,"12","1000"
412.000000000000000,1421.000000000000000,Vila dos Anjos,"1012",,"50","1062",,0.097409844398499,,"12","1000"
136.000000000000000,759.000000000000000,Ribeiro de Abreu,"808",0.945,"50","858",24.648214340209961,7.952832698822022,20189.288,"8","800"
259.000000000000000,1247.000000000000000,Tupi B,"1008",0.035,"50","1058",1.998414278030396,3.511617898941040,461.101,"8","1000"
182.000000000000000,807.000000000000000,Gar�as,"1012",11.022,"60","1072",,0.999970972537994,137729.712,"12","1000"
60.000000000000000,669.000000000000000,Etelvina Carneiro,"812",3.182,"50","862",,1.999518036842346,9833.465,"12","800"
10.000000000000000,615.000000000000000,Frei Leopoldo,"812",0.015,"50","862",0.999903023242950,1.641489028930664,37.749,"12","800"
92.000000000000000,708.000000000000000,Lagoa,"1012",1.338,"50","1062",1.999334096908569,0.999623060226440,8418.593,"12","1000"
380.000000000000000,1389.000000000000000,Sat�lite,"812",4.432,"50","862",0.154861956834793,0.440595269203186,6194.911,"12","800"
185.000000000000000,810.000000000000000,Venda Nova,"812",0.449,"50","862",20.249364852905273,0.999591052532196,3447.923,"12","800"
367.000000000000000,1375.000000000000000,Vila Piratininga Venda Nova,"812",,"50","862",,,,"12","800"
74.000000000000000,688.000000000000000,Juliana,"812",9.511,"60","872",0.999551057815552,2.023923158645630,85208.392,"12","800"
65.000000000000000,675.000000000000000,Xod�-Marize,"808",22.368,"60","868",,2.919523000717163,110287.620,"8","800"
67.000000000000000,678.000000000000000,Floramar,"812",,"50","862",19.271799087524418,4.185868263244629,,"12","800"
465.000000000000000,1474.000000000000000,Vila Suzana I,"812",,"50","862",125.017456054687500,,,"12","800"
263.000000000000000,1254.000000000000000,Vila Formosa,"1012",,"50","1062",,1.958171010017395,,"12","1000"
374.000000000000000,1383.000000000000000,S�o Dami�o,"1012",2.721,"50","1062",,,5892.849,"12","1000"
29.000000000000000,634.000000000000000,Cana�,"1012",,"50","1062",,,,"12","1000"
174.000000000000000,799.000000000000000,Serra Verde,"1012",22.808,"60","1072",2.761343240737915,5.082537174224854,921186.760,"12","1000"
102.000000000000000,719.000000000000000,Mantiqueira,"1012",11.549,"60","1072",2.678437232971191,2.258526563644409,338016.021,"12","1000"
87.000000000000000,703.000000000000000,Jardim dos Comerci�rios,"1008",0.363,"50","1058",1.999781966209412,6.008476257324220,7311.062,"8","1000"
426.000000000000000,1435.000000000000000,Vila Mantiqueira,"812",,"50","862",0.999983012676239,0.999934971332550,,"12","800"
209.000000000000000,905.000000000000000,Paulo VI,"812",,"50","862",,2.275402307510376,,"12","800"
45.000000000000000,652.000000000000000,Bra�nas,"1008",27.142,"70","1078",9.409880638122559,,543655.051,"8","1000"
332.000000000000000,1337.000000000000000,Lajedo,"1008",1.055,"50","1058",0.743881225585938,2.426842451095581,5431.449,"8","1000"
312.000000000000000,1316.000000000000000,Conjunto Serra Verde,"812",2.714,"50","862",,0.999695003032684,407.072,"12","800"
213.000000000000000,967.000000000000000,Nova Am�rica,"808",,"50","858",,0.022688040509820,,"8","800"
181.000000000000000,806.000000000000000,Tupi A,"812",1.846,"50","862",0.255109339952469,2.177065372467041,16836.505,"12","800"
195.000000000000000,820.000000000000000,Xangri-l�,"1012",8.200,"60","1072",,,43105.990,"12","1000"
309.000000000000000,1313.000000000000000,Conjunto Paulo VI,"808",2.770,"50","858",,0.999519050121307,5939.874,"8","800"
283.000000000000000,1286.000000000000000,Beira-Linha,"808",,"50","858",0.327144533395767,2.098224401473999,,"8","800"
46.000000000000000,653.000000000000000,Jardim Atl�ntico,"1008",4.281,"50","1058",,1.999750018119812,48467.903,"8","1000"
322.000000000000000,1326.000000000000000,Flamengo,"812",4.325,"50","862",3.998940229415894,1.678733110427856,570.492,"12","800"
166.000000000000000,790.000000000000000,Piratininga,"1012",0.561,"50","1062",12.200141906738281,1.999477982521057,9531.773,"12","1000"
93.000000000000000,709.000000000000000,Lagoinha Leblon,"1012",,"50","1062",12.250862121582031,1.999110102653503,,"12","1000"
430.000000000000000,1439.000000000000000,Vila Nova,"808",,"50","858",,0.000354851392331,,"8","800"
299.000000000000000,1303.000000000000000,Cen�culo,"1008",11.321,"60","1068",1.957220435142517,1.412958979606628,37041.125,"8","1000"
251.000000000000000,1176.000000000000000,Granja Werneck,"808",44.875,"70","878",2.968621730804443,3.914233207702637,4133072.950,"8","800"
107.000000000000000,724.000000000000000,Minascaixa,"812",,"50","862",3.375455379486084,1.978210210800171,,"12","800"
296.000000000000000,1299.000000000000000,Candel�ria,"812",6.885,"60","872",8.325620651245117,1.917819976806641,70145.353,"12","800"
61.000000000000000,670.000000000000000,Europa,"812",0.446,"50","862",10.390283584594727,3.002697944641113,4209.219,"12","800"
175.000000000000000,800.000000000000000,Vila SESC,"812",,"50","862",2.613457441329956,0.012658387422562,,"12","800"
95.000000000000000,712.000000000000000,Let�cia,"812",,"50","862",9.801983833312988,1.999294042587280,,"12","800"
274.000000000000000,1276.000000000000000,Apol�nia,"1012",,"50","1062",6.414543151855470,2.513719081878662,,"12","1000"
400.000000000000000,1409.000000000000000,Vila Barragem Santa L�cia,"1008",3.333,"50","1058",1.532346844673157,2.087583303451538,9266.865,"8","1000"
155.000000000000000,779.000000000000000,S�o Bento,"1008",2.379,"50","1058",4.477352142333986,3.976709604263306,23317.539,"8","1000"
16.000000000000000,621.000000000000000,Bom Jesus,"1012",,"50","1062",0.984948098659515,3.981514930725098,,"12","1000"
223.000000000000000,1143.000000000000000,Fl�vio de Oliveira,"1012",5.679,"60","1072",,0.030823947861791,6235.796,"12","1000"
248.000000000000000,1171.000000000000000,Distrito Industrial do Jatob�,"1512",1.391,"50","1562",,1.999853968620300,12628.099,"12","1500"
282.000000000000000,1285.000000000000000,Vila Batik,"1008",0.833,"50","1058",,0.660186648368835,100.243,"8","1000"
238.000000000000000,1160.000000000000000,Conjunto Jatob�,"1512",,"50","1562",,0.301450967788696,,"12","1500"
649.000000000000000,2039.000000000000000,S�o Judas Tadeu,"1008",3.011,"50","1058",,0.076875045895576,1011.861,"8","1000"
650.000000000000000,2040.000000000000000,Eliana Silva,"1512",,"50","1562",,0.804174005985260,,"12","1500"
359.000000000000000,1367.000000000000000,Novo Santa Cec�lia,"1008",,"50","1058",0.001505246036686,1.299889683723450,,"8","1000"
205.000000000000000,832.000000000000000,Vale do Jatob�,"1012",0.013,"50","1062",6.135699272155762,0.999951004981995,83.797,"12","1000"
245.000000000000000,1167.000000000000000,Solar do Barreiro,"1512",1.112,"50","1562",0.941574275493622,2.774025917053223,8330.553,"12","1500"
241.000000000000000,1163.000000000000000,Santa Rita,"1508",,"50","1558",,0.999675035476685,,"8","1500"
227.000000000000000,1147.000000000000000,Ademar Maldonado,"1012",,"50","1062",,,,"12","1000"
243.000000000000000,1165.000000000000000,Petr�polis,"1508",,"50","1558",2.753063201904297,1.035940051078796,,"8","1500"
261.000000000000000,1252.000000000000000,Vit�ria da Conquista,"1512",,"50","1562",0.999831020832062,1.809676766395569,,"12","1500"
444.000000000000000,1453.000000000000000,Vila Petr�polis,"1508",,"50","1558",,,,"8","1500"
80.000000000000000,694.000000000000000,Independ�ncia,"1512",0.091,"50","1562",1.999510049819946,1.990130186080933,723.498,"12","1500"
416.000000000000000,1425.000000000000000,Vila Independ�ncia I,"1508",,"50","1558",0.807013869285583,1.999294042587280,,"8","1500"
417.000000000000000,1426.000000000000000,Vila Independ�ncia II,"1508",,"50","1558",1.254893898963928,1.331473469734192,,"8","1500"
418.000000000000000,1427.000000000000000,Vila Independ�ncia IV,"1008",,"50","1058",0.001716072089039,1.861838221549988,,"8","1000"
137.000000000000000,760.000000000000000,Sagrada Fam�lia,"1008",0.081,"50","1058",2.998113393783569,3.891076803207397,1845.033,"8","1000"
193.000000000000000,818.000000000000000,Rio Branco,"1012",1.426,"50","1062",0.999926984310150,2.998269319534302,19090.630,"12","1000"
336.000000000000000,1341.000000000000000,Madri,"808",16.352,"60","868",,4.369531154632569,24107.746,"8","800"
363.000000000000000,1371.000000000000000,Parque S�o Pedro,"812",0.209,"50","862",20.268472671508789,0.999627053737640,841.837,"12","800"
38.000000000000000,643.000000000000000,C�u Azul,"1012",0.123,"50","1062",1.983173489570618,1.063206434249878,3367.447,"12","1000"
148.000000000000000,772.000000000000000,Santa M�nica,"812",0.628,"50","862",16.586524963378906,2.959347724914551,13770.029,"12","800"
161.000000000000000,785.000000000000000,S�o Jo�o Batista,"812",3.310,"50","862",8.111747741699222,1.999917984008789,61301.522,"12","800"
81.000000000000000,695.000000000000000,Monte Azul,"812",2.352,"50","862",1.999629974365234,2.409790754318237,13824.848,"12","800"
373.000000000000000,1382.000000000000000,S�o Benedito,"1008",,"50","1058",0.992536962032318,,,"8","1000"
434.000000000000000,1443.000000000000000,Vila Nova Cachoeirinha IV,"1008",,"50","1058",,0.999359130859375,,"8","1000"
57.000000000000000,665.000000000000000,Ermelinda,"1008",,"50","1058",1.466813564300537,6.590416431427002,,"8","1000"
198.000000000000000,823.000000000000000,Pongelupe,"1512",0.149,"50","1562",,0.985071122646332,355.575,"12","1500"
260.000000000000000,1251.000000000000000,Vila Ecol�gica,"1008",,"50","1058",0.003208939218894,1.969156861305237,,"8","1000"
268.000000000000000,1270.000000000000000,�guas Claras,"1012",,"50","1062",0.999683022499084,1.796953439712524,,"12","1000"
242.000000000000000,1164.000000000000000,Mangueiras,"1012",,"50","1062",23.099279403686523,1.420765042304993,,"12","1000"
262.000000000000000,1253.000000000000000,Silveira,"1008",,"50","1058",,0.999882996082306,,"8","1000"
109.000000000000000,726.000000000000000,Monsenhor Messias,"1008",,"50","1058",0.002535072155297,,,"8","1000"
153.000000000000000,777.000000000000000,Santo Andr�,"1012",,"50","1062",0.999675035476685,3.612965345382690,,"12","1000"
79.000000000000000,693.000000000000000,Inconfid�ncia,"1012",,"50","1062",1.621913671493530,0.999711036682129,,"12","1000"
23.000000000000000,628.000000000000000,Cai�aras,"1012",0.112,"50","1062",0.999998986721039,5.455767154693604,2525.534,"12","1000"
140.000000000000000,763.000000000000000,Santa Cruz,"1012",0.044,"50","1062",13.999445915222168,4.639085769653320,759.835,"12","1000"
425.000000000000000,1677.000000000000000,Vila Mangueiras,"1012",,"50","1062",0.999575018882751,1.999981999397278,,"12","1000"
244.000000000000000,1166.000000000000000,Mineir�o,"1508",0.120,"50","1558",0.999886989593506,2.154950380325317,473.019,"8","1500"
144.000000000000000,768.000000000000000,Santa L�cia,"1508",5.590,"60","1568",2.878565788269043,5.248907566070558,117414.395,"8","1500"
124.000000000000000,742.000000000000000,Bandeirantes,"1008",21.379,"60","1068",58.786518096923835,0.999695003032684,1021195.016,"8","1000"
191.000000000000000,816.000000000000000,Maria Virg�nia,"1012",0.547,"50","1062",6.747432231903076,1.999477982521057,3142.785,"12","1000"
151.000000000000000,775.000000000000000,Santa Terezinha,"1008",2.249,"50","1058",92.795272827148438,1.607024312019348,33195.699,"8","1000"
18.000000000000000,623.000000000000000,Buritis,"1008",14.917,"60","1068",3.790578842163086,5.803199768066406,568865.692,"8","1000"
240.000000000000000,1162.000000000000000,Ernesto do Nascimento,"1008",,"50","1058",2.946376085281372,2.495656490325928,,"8","1000"
225.000000000000000,1145.000000000000000,�tila de Paiva,"1012",,"50","1062",20.640905380249023,,,"12","1000"
651.000000000000000,2041.000000000000000,Irm� Dorothy,"1012",,"50","1062",,0.999359130859375,,"12","1000"
652.000000000000000,2042.000000000000000,Camilo Torres,"1508",,"50","1558",,0.216907694935799,,"8","1500"
653.000000000000000,2043.000000000000000,Dandara,"1012",,"50","1062",2.547522068023682,1.998846173286438,,"12","1000"
481.000000000000000,1491.000000000000000,Barreiro,"1012",,"50","1062",3.423160076141357,2.999840974807739,,"12","1000"
105.000000000000000,722.000000000000000,Milion�rios,"1012",3.959,"50","1062",4.866487979888916,2.930585145950317,52148.755,"12","1000"
439.000000000000000,1448.000000000000000,Vila Nova Para�so,"1008",,"50","1058",,,,"8","1000"
68.000000000000000,679.000000000000000,Floresta,"1008",,"50","1058",0.486979961395264,0.973110258579254,,"8","1000"
132.000000000000000,752.000000000000000,Prado,"1012",,"50","1062",9.760976791381836,,,"12","1000"
515.000000000000000,1675.000000000000000,Vila da Amizade,"1012",,"50","1062",,,,"12","1000"
506.000000000000000,1672.000000000000000,S�o Jorge III,"1008",,"50","1058",1.998310327529907,9.552925109863281,,"8","1000"
89.000000000000000,705.000000000000000,Jardin�polis,"1012",,"50","1062",,0.999774992465973,,"12","1000"
138.000000000000000,761.000000000000000,Salgado Filho,"1008",0.290,"50","1058",15.113142013549805,8.935659408569336,4209.255,"8","1000"
302.000000000000000,1306.000000000000000,Comiteco,"1508",5.064,"60","1568",1.999878048896790,0.999843001365662,38787.426,"8","1500"
399.000000000000000,1408.000000000000000,Vila Bandeirantes,"1508",,"50","1558",,0.016010403633118,,"8","1500"
145.000000000000000,769.000000000000000,Conjunto Santa Maria,"1508",0.356,"50","1558",0.999575018882751,2.008867979049683,289.219,"8","1500"
219.000000000000000,1139.000000000000000,Conjunto Bonsucesso,"1008",0.027,"50","1058",3.913065671920776,0.999970972537994,12.480,"8","1000"
14.000000000000000,619.000000000000000,Bet�nia,"1012",2.802,"50","1062",57.928512573242188,3.600382089614868,36737.150,"12","1000"
76.000000000000000,690.000000000000000,Hava�,"1008",5.892,"60","1068",8.373302459716800,12.626025199890137,92966.754,"8","1000"
370.000000000000000,1379.000000000000000,Santa Rita de C�ssia,"1508",,"50","1558",1.247668027877808,1.985032081604004,,"8","1500"
239.000000000000000,1161.000000000000000,Cinquenten�rio,"1012",3.454,"50","1062",16.622007369995117,0.999934971332550,23972.493,"12","1000"
316.000000000000000,1320.000000000000000,Vila Madre Gertrudes II,"1008",,"50","1058",0.999603033065796,0.171165481209755,,"8","1000"
